YNL251C	NRD1	M1*
YNL251C	NRD1	Q2A
YNL251C	NRD1	Q3A
YNL251C	NRD1	D4A
YNL251C	NRD1	D5A
YNL251C	NRD1	D6A
YNL251C	NRD1	F7A
YNL251C	NRD1	Q8A
YNL251C	NRD1	N9A
YNL251C	NRD1	F10A
YNL251C	NRD1	V11A
YNL251C	NRD1	A12G
YNL251C	NRD1	T13A
YNL251C	NRD1	L14A
YNL251C	NRD1	E15A
YNL251C	NRD1	S16A
YNL251C	NRD1	F17A
YNL251C	NRD1	K18A
YNL251C	NRD1	D19A
YNL251C	NRD1	L20A
YNL251C	NRD1	K21A
YNL251C	NRD1	S22A
YNL251C	NRD1	G23A
YNL251C	NRD1	I24A
YNL251C	NRD1	S25A
YNL251C	NRD1	G26A
YNL251C	NRD1	S27A
YNL251C	NRD1	R28A
YNL251C	NRD1	I29A
YNL251C	NRD1	K30A
YNL251C	NRD1	K31A
YNL251C	NRD1	L32A
YNL251C	NRD1	T33A
YNL251C	NRD1	T34A
YNL251C	NRD1	Y35A
YNL251C	NRD1	A36G
YNL251C	NRD1	L37A
YNL251C	NRD1	D38A
YNL251C	NRD1	H39A
YNL251C	NRD1	I40A
YNL251C	NRD1	D41A
YNL251C	NRD1	I42A
YNL251C	NRD1	E43A
YNL251C	NRD1	S44A
YNL251C	NRD1	K45A
YNL251C	NRD1	I46A
YNL251C	NRD1	I47A
YNL251C	NRD1	S48A
YNL251C	NRD1	L49A
YNL251C	NRD1	I50*
YNL251C	NRD1	I50A
YNL251C	NRD1	I51A
YNL251C	NRD1	D52A
YNL251C	NRD1	Y53A
YNL251C	NRD1	S54A
YNL251C	NRD1	R55A
YNL251C	NRD1	L56A
YNL251C	NRD1	C57A
YNL251C	NRD1	P58A
YNL251C	NRD1	D59A
YNL251C	NRD1	S60A
YNL251C	NRD1	H61A
YNL251C	NRD1	K62A
YNL251C	NRD1	L63A
YNL251C	NRD1	G64A
YNL251C	NRD1	S65A
YNL251C	NRD1	L66A
YNL251C	NRD1	Y67A
YNL251C	NRD1	I68A
YNL251C	NRD1	I69A
YNL251C	NRD1	D70A
YNL251C	NRD1	S71A
YNL251C	NRD1	I72A
YNL251C	NRD1	G73A
YNL251C	NRD1	R74A
YNL251C	NRD1	A75G
YNL251C	NRD1	Y76A
YNL251C	NRD1	L77A
YNL251C	NRD1	D78A
YNL251C	NRD1	E79A
YNL251C	NRD1	T80A
YNL251C	NRD1	R81A
YNL251C	NRD1	S82A
YNL251C	NRD1	N83A
YNL251C	NRD1	S84A
YNL251C	NRD1	N85A
YNL251C	NRD1	S86A
YNL251C	NRD1	S87A
YNL251C	NRD1	S88A
YNL251C	NRD1	N89A
YNL251C	NRD1	K90A
YNL251C	NRD1	P91A
YNL251C	NRD1	G92A
YNL251C	NRD1	T93A
YNL251C	NRD1	C94A
YNL251C	NRD1	A95G
YNL251C	NRD1	H96A
YNL251C	NRD1	A97G
YNL251C	NRD1	I98A
YNL251C	NRD1	N99A
YNL251C	NRD1	T100*
YNL251C	NRD1	T100A
YNL251C	NRD1	L101A
YNL251C	NRD1	G102A
YNL251C	NRD1	E103A
YNL251C	NRD1	V104A
YNL251C	NRD1	I105A
YNL251C	NRD1	Q106A
YNL251C	NRD1	E107A
YNL251C	NRD1	L108A
YNL251C	NRD1	L109A
YNL251C	NRD1	S110A
YNL251C	NRD1	D111A
YNL251C	NRD1	A112G
YNL251C	NRD1	I113A
YNL251C	NRD1	A114G
YNL251C	NRD1	K115A
YNL251C	NRD1	S116A
YNL251C	NRD1	N117A
YNL251C	NRD1	Q118A
YNL251C	NRD1	D119A
YNL251C	NRD1	H120A
YNL251C	NRD1	K121A
YNL251C	NRD1	E122A
YNL251C	NRD1	K123A
YNL251C	NRD1	I124A
YNL251C	NRD1	R125A
YNL251C	NRD1	M126A
YNL251C	NRD1	L127A
YNL251C	NRD1	L128A
YNL251C	NRD1	D129A
YNL251C	NRD1	I130A
YNL251C	NRD1	W131A
YNL251C	NRD1	D132A
YNL251C	NRD1	R133A
YNL251C	NRD1	S134A
YNL251C	NRD1	G135A
YNL251C	NRD1	L136A
YNL251C	NRD1	F137A
YNL251C	NRD1	Q138A
YNL251C	NRD1	K139A
YNL251C	NRD1	S140A
YNL251C	NRD1	Y141A
YNL251C	NRD1	L142A
YNL251C	NRD1	N143A
YNL251C	NRD1	A144G
YNL251C	NRD1	I145A
YNL251C	NRD1	R146A
YNL251C	NRD1	S147A
YNL251C	NRD1	K148A
YNL251C	NRD1	C149A
YNL251C	NRD1	F150A
YNL251C	NRD1	A151G
YNL251C	NRD1	M152A
YNL251C	NRD1	D153A
YNL251C	NRD1	I154A
YNL251C	NRD1	S155A
YNL251C	NRD1	N156A
YNL251C	NRD1	N157A
YNL251C	NRD1	T158A
YNL251C	NRD1	A159G
YNL251C	NRD1	N160A
YNL251C	NRD1	T161A
YNL251C	NRD1	A162G
YNL251C	NRD1	S163A
YNL251C	NRD1	Q164A
YNL251C	NRD1	Q165A
YNL251C	NRD1	L166A
YNL251C	NRD1	S167A
YNL251C	NRD1	L168A
YNL251C	NRD1	D169A
YNL251C	NRD1	P170A
YNL251C	NRD1	K171A
YNL251C	NRD1	Q172A
YNL251C	NRD1	R173A
YNL251C	NRD1	S174A
YNL251C	NRD1	K175A
YNL251C	NRD1	Q176A
YNL251C	NRD1	I177A
YNL251C	NRD1	L178A
YNL251C	NRD1	S179A
YNL251C	NRD1	N180A
YNL251C	NRD1	L181A
YNL251C	NRD1	K182A
YNL251C	NRD1	K183A
YNL251C	NRD1	S184A
YNL251C	NRD1	P185A
YNL251C	NRD1	P186A
YNL251C	NRD1	L187A
YNL251C	NRD1	N188A
YNL251C	NRD1	L189A
YNL251C	NRD1	N190A
YNL251C	NRD1	I191A
YNL251C	NRD1	S192A
YNL251C	NRD1	L193A
YNL251C	NRD1	P194A
YNL251C	NRD1	T195A
YNL251C	NRD1	D196A
YNL251C	NRD1	L197A
YNL251C	NRD1	T198A
YNL251C	NRD1	S199A
YNL251C	NRD1	T200*
YNL251C	NRD1	T200A
YNL251C	NRD1	D201A
YNL251C	NRD1	P202A
YNL251C	NRD1	A203G
YNL251C	NRD1	K204A
YNL251C	NRD1	Q205A
YNL251C	NRD1	Q206A
YNL251C	NRD1	A207G
YNL251C	NRD1	A208G
YNL251C	NRD1	L209A
YNL251C	NRD1	F210A
YNL251C	NRD1	Q211A
YNL251C	NRD1	V212A
YNL251C	NRD1	I213A
YNL251C	NRD1	A214G
YNL251C	NRD1	A215G
YNL251C	NRD1	L216A
YNL251C	NRD1	Q217A
YNL251C	NRD1	K218A
YNL251C	NRD1	H219A
YNL251C	NRD1	F220A
YNL251C	NRD1	K221A
YNL251C	NRD1	T222A
YNL251C	NRD1	L223A
YNL251C	NRD1	P224A
YNL251C	NRD1	S225A
YNL251C	NRD1	H226A
YNL251C	NRD1	T227A
YNL251C	NRD1	S228A
YNL251C	NRD1	V229A
YNL251C	NRD1	G230A
YNL251C	NRD1	T231A
YNL251C	NRD1	V232A
YNL251C	NRD1	A233G
YNL251C	NRD1	P234A
YNL251C	NRD1	P235A
YNL251C	NRD1	Q236A
YNL251C	NRD1	A237G
YNL251C	NRD1	H238A
YNL251C	NRD1	T239A
YNL251C	NRD1	I240A
YNL251C	NRD1	T241A
YNL251C	NRD1	E242A
YNL251C	NRD1	Y243A
YNL251C	NRD1	G244A
YNL251C	NRD1	S245A
YNL251C	NRD1	R246A
YNL251C	NRD1	R247A
YNL251C	NRD1	E248A
YNL251C	NRD1	R249A
YNL251C	NRD1	E250A
YNL251C	NRD1	R251A
YNL251C	NRD1	E252A
YNL251C	NRD1	R253A
YNL251C	NRD1	E254A
YNL251C	NRD1	R255A
YNL251C	NRD1	Y256A
YNL251C	NRD1	N257A
YNL251C	NRD1	S258A
YNL251C	NRD1	R259A
YNL251C	NRD1	R260A
YNL251C	NRD1	N261A
YNL251C	NRD1	R262A
YNL251C	NRD1	S263A
YNL251C	NRD1	R264A
YNL251C	NRD1	S265A
YNL251C	NRD1	P266A
YNL251C	NRD1	P267A
YNL251C	NRD1	A268G
YNL251C	NRD1	P269A
YNL251C	NRD1	F270A
YNL251C	NRD1	S271A
YNL251C	NRD1	Q272A
YNL251C	NRD1	P273A
YNL251C	NRD1	S274A
YNL251C	NRD1	T275A
YNL251C	NRD1	G276A
YNL251C	NRD1	R277A
YNL251C	NRD1	K278A
YNL251C	NRD1	D279A
YNL251C	NRD1	R280A
YNL251C	NRD1	Y281A
YNL251C	NRD1	P282A
YNL251C	NRD1	S283A
YNL251C	NRD1	V284A
YNL251C	NRD1	A285G
YNL251C	NRD1	Q286A
YNL251C	NRD1	D287A
YNL251C	NRD1	Q288A
YNL251C	NRD1	Y289A
YNL251C	NRD1	S290A
YNL251C	NRD1	I291A
YNL251C	NRD1	G292A
YNL251C	NRD1	A293G
YNL251C	NRD1	P294A
YNL251C	NRD1	N295A
YNL251C	NRD1	T296A
YNL251C	NRD1	T297A
YNL251C	NRD1	F298A
YNL251C	NRD1	G299A
YNL251C	NRD1	T300A
YNL251C	NRD1	T300*
YNL251C	NRD1	N301A
YNL251C	NRD1	N302A
YNL251C	NRD1	H303A
YNL251C	NRD1	H304A
YNL251C	NRD1	L305A
YNL251C	NRD1	Y306A
YNL251C	NRD1	P307A
YNL251C	NRD1	D308A
YNL251C	NRD1	E309A
YNL251C	NRD1	L310A
YNL251C	NRD1	N311A
YNL251C	NRD1	V312A
YNL251C	NRD1	S313A
YNL251C	NRD1	N314A
YNL251C	NRD1	N315A
YNL251C	NRD1	P316A
YNL251C	NRD1	H317A
YNL251C	NRD1	Y318A
YNL251C	NRD1	R319A
YNL251C	NRD1	P320A
YNL251C	NRD1	K321A
YNL251C	NRD1	P322A
YNL251C	NRD1	V323A
YNL251C	NRD1	S324A
YNL251C	NRD1	Y325A
YNL251C	NRD1	D326A
YNL251C	NRD1	S327A
YNL251C	NRD1	T328A
YNL251C	NRD1	L329A
YNL251C	NRD1	P330A
YNL251C	NRD1	P331A
YNL251C	NRD1	D332A
YNL251C	NRD1	H333A
YNL251C	NRD1	I334A
YNL251C	NRD1	K335A
YNL251C	NRD1	V336A
YNL251C	NRD1	Y337A
YNL251C	NRD1	S338A
YNL251C	NRD1	R339A
YNL251C	NRD1	T340A
YNL251C	NRD1	L341A
YNL251C	NRD1	F342A
YNL251C	NRD1	I343A
YNL251C	NRD1	G344A
YNL251C	NRD1	G345A
YNL251C	NRD1	V346A
YNL251C	NRD1	P347A
YNL251C	NRD1	L348A
YNL251C	NRD1	N349A
YNL251C	NRD1	M350A
YNL251C	NRD1	K351A
YNL251C	NRD1	E352A
YNL251C	NRD1	W353A
YNL251C	NRD1	D354A
YNL251C	NRD1	L355A
YNL251C	NRD1	A356G
YNL251C	NRD1	N357A
YNL251C	NRD1	V358A
YNL251C	NRD1	L359A
YNL251C	NRD1	K360A
YNL251C	NRD1	P361A
YNL251C	NRD1	F362A
YNL251C	NRD1	A363G
YNL251C	NRD1	E364A
YNL251C	NRD1	V365A
YNL251C	NRD1	Q366A
YNL251C	NRD1	S367A
YNL251C	NRD1	V368A
YNL251C	NRD1	I369A
YNL251C	NRD1	L370A
YNL251C	NRD1	N371A
YNL251C	NRD1	N372A
YNL251C	NRD1	S373A
YNL251C	NRD1	R374A
YNL251C	NRD1	K375A
YNL251C	NRD1	H376A
YNL251C	NRD1	A377G
YNL251C	NRD1	F378A
YNL251C	NRD1	V379A
YNL251C	NRD1	K380A
YNL251C	NRD1	V381A
YNL251C	NRD1	Y382A
YNL251C	NRD1	S383A
YNL251C	NRD1	R384A
YNL251C	NRD1	H385A
YNL251C	NRD1	E386A
YNL251C	NRD1	A387G
YNL251C	NRD1	E388A
YNL251C	NRD1	N389A
YNL251C	NRD1	V390A
YNL251C	NRD1	L391A
YNL251C	NRD1	Q392A
YNL251C	NRD1	N393A
YNL251C	NRD1	F394A
YNL251C	NRD1	N395A
YNL251C	NRD1	K396A
YNL251C	NRD1	D397A
YNL251C	NRD1	G398A
YNL251C	NRD1	A399G
YNL251C	NRD1	L400A
YNL251C	NRD1	P401A
YNL251C	NRD1	L402A
YNL251C	NRD1	R403A
YNL251C	NRD1	T404A
YNL251C	NRD1	R405A
YNL251C	NRD1	W406A
YNL251C	NRD1	G407A
YNL251C	NRD1	V408A
YNL251C	NRD1	G409A
YNL251C	NRD1	F410A
YNL251C	NRD1	G411A
YNL251C	NRD1	P412A
YNL251C	NRD1	R413A
YNL251C	NRD1	D414A
YNL251C	NRD1	C415A
YNL251C	NRD1	C416A
YNL251C	NRD1	D417A
YNL251C	NRD1	Y418A
YNL251C	NRD1	Q419A
YNL251C	NRD1	H420A
YNL251C	NRD1	G421A
YNL251C	NRD1	Y422A
YNL251C	NRD1	S423A
YNL251C	NRD1	I424A
YNL251C	NRD1	I425A
YNL251C	NRD1	P426A
YNL251C	NRD1	M427A
YNL251C	NRD1	H428A
YNL251C	NRD1	R429A
YNL251C	NRD1	L430A
YNL251C	NRD1	T431A
YNL251C	NRD1	D432A
YNL251C	NRD1	A433G
YNL251C	NRD1	D434A
YNL251C	NRD1	K435A
YNL251C	NRD1	K436A
YNL251C	NRD1	W437A
YNL251C	NRD1	S438A
YNL251C	NRD1	V439A
YNL251C	NRD1	S440A
YNL251C	NRD1	A441G
YNL251C	NRD1	Q442A
YNL251C	NRD1	W443A
YNL251C	NRD1	G444A
YNL251C	NRD1	G445A
YNL251C	NRD1	T446A
YNL251C	NRD1	S447A
YNL251C	NRD1	G448A
YNL251C	NRD1	Q449A
YNL251C	NRD1	P450A
YNL251C	NRD1	L451A
YNL251C	NRD1	V452A
YNL251C	NRD1	T453A
YNL251C	NRD1	G454A
YNL251C	NRD1	I455A
YNL251C	NRD1	V456A
YNL251C	NRD1	F457A
YNL251C	NRD1	E458A
YNL251C	NRD1	E459A
YNL251C	NRD1	P460A
YNL251C	NRD1	D461A
YNL251C	NRD1	I462A
YNL251C	NRD1	I463A
YNL251C	NRD1	V464A
YNL251C	NRD1	G465A
YNL251C	NRD1	E466A
YNL251C	NRD1	G467A
YNL251C	NRD1	V468A
YNL251C	NRD1	S469A
YNL251C	NRD1	S470A
YNL251C	NRD1	K471A
YNL251C	NRD1	A472G
YNL251C	NRD1	I473A
YNL251C	NRD1	S474A
YNL251C	NRD1	Q475A
YNL251C	NRD1	K476A
YNL251C	NRD1	M477A
YNL251C	NRD1	P478A
YNL251C	NRD1	T479A
YNL251C	NRD1	D480A
YNL251C	NRD1	S481A
YNL251C	NRD1	G482A
YNL251C	NRD1	R483A
YNL251C	NRD1	N484A
YNL251C	NRD1	G485A
YNL251C	NRD1	P486A
YNL251C	NRD1	R487A
YNL251C	NRD1	S488A
YNL251C	NRD1	G489A
YNL251C	NRD1	K490A
YNL251C	NRD1	P491A
YNL251C	NRD1	N492A
YNL251C	NRD1	K493A
YNL251C	NRD1	S494A
YNL251C	NRD1	G495A
YNL251C	NRD1	S496A
YNL251C	NRD1	I497A
YNL251C	NRD1	S498A
YNL251C	NRD1	S499A
YNL251C	NRD1	I500A
YNL251C	NRD1	S501A
YNL251C	NRD1	P502A
YNL251C	NRD1	V503A
YNL251C	NRD1	P504A
YNL251C	NRD1	Y505A
YNL251C	NRD1	G506A
YNL251C	NRD1	N507A
YNL251C	NRD1	A508G
YNL251C	NRD1	P509A
YNL251C	NRD1	L510A
YNL251C	NRD1	A511G
YNL251C	NRD1	S512A
YNL251C	NRD1	P513A
YNL251C	NRD1	P514A
YNL251C	NRD1	P515A
YNL251C	NRD1	Q516A
YNL251C	NRD1	Q517A
YNL251C	NRD1	Y518A
YNL251C	NRD1	V519A
YNL251C	NRD1	Q520A
YNL251C	NRD1	P521A
YNL251C	NRD1	M522A
YNL251C	NRD1	M523A
YNL251C	NRD1	Q524A
YNL251C	NRD1	Q525A
YNL251C	NRD1	P526A
YNL251C	NRD1	Y527A
YNL251C	NRD1	G528A
YNL251C	NRD1	Y529A
YNL251C	NRD1	A530G
YNL251C	NRD1	P531A
YNL251C	NRD1	N532A
YNL251C	NRD1	Q533A
YNL251C	NRD1	P534A
YNL251C	NRD1	L535A
YNL251C	NRD1	P536A
YNL251C	NRD1	S537A
YNL251C	NRD1	Q538A
YNL251C	NRD1	G539A
YNL251C	NRD1	P540A
YNL251C	NRD1	A541G
YNL251C	NRD1	A542G
YNL251C	NRD1	A543G
YNL251C	NRD1	A544G
YNL251C	NRD1	P545A
YNL251C	NRD1	P546A
YNL251C	NRD1	V547A
YNL251C	NRD1	P548A
YNL251C	NRD1	Q549A
YNL251C	NRD1	Q550A
YNL251C	NRD1	Q551A
YNL251C	NRD1	F552A
YNL251C	NRD1	D553A
YNL251C	NRD1	P554A
YNL251C	NRD1	T555A
YNL251C	NRD1	A556G
YNL251C	NRD1	Q557A
YNL251C	NRD1	L558A
YNL251C	NRD1	N559A
YNL251C	NRD1	S560A
YNL251C	NRD1	L561A
YNL251C	NRD1	M562A
YNL251C	NRD1	N563A
YNL251C	NRD1	M564A
YNL251C	NRD1	L565A
YNL251C	NRD1	N566A
YNL251C	NRD1	Q567A
YNL251C	NRD1	Q568A
YNL251C	NRD1	Q569A
YNL251C	NRD1	Q570A
YNL251C	NRD1	Q571A
YNL251C	NRD1	Q572A
YNL251C	NRD1	Q573A
YNL251C	NRD1	Q574A
YNL251C	NRD1	S575A
YNL251C	NRD1	M1M
YNL251C	NRD1	Q2Q
YNL251C	NRD1	Q3Q
YNL251C	NRD1	D4D
YNL251C	NRD1	D5D
YNL251C	NRD1	D6D
YNL251C	NRD1	F7F
YNL251C	NRD1	Q8Q
YNL251C	NRD1	N9N
YNL251C	NRD1	F10F
YNL251C	NRD1	V11V
YNL251C	NRD1	A12A
YNL251C	NRD1	T13T
YNL251C	NRD1	L14L
YNL251C	NRD1	E15E
YNL251C	NRD1	S16S
YNL251C	NRD1	F17F
YNL251C	NRD1	K18K
YNL251C	NRD1	D19D
YNL251C	NRD1	L20L
YNL251C	NRD1	K21K
YNL251C	NRD1	S22S
YNL251C	NRD1	G23G
YNL251C	NRD1	I24I
YNL251C	NRD1	S25S
YNL251C	NRD1	G26G
YNL251C	NRD1	S27S
YNL251C	NRD1	R28R
YNL251C	NRD1	I29I
YNL251C	NRD1	K30K
YNL251C	NRD1	K31K
YNL251C	NRD1	L32L
YNL251C	NRD1	T33T
YNL251C	NRD1	T34T
YNL251C	NRD1	Y35Y
YNL251C	NRD1	A36A
YNL251C	NRD1	L37L
YNL251C	NRD1	D38D
YNL251C	NRD1	H39H
YNL251C	NRD1	I40I
YNL251C	NRD1	D41D
YNL251C	NRD1	I42I
YNL251C	NRD1	E43E
YNL251C	NRD1	S44S
YNL251C	NRD1	K45K
YNL251C	NRD1	I46I
YNL251C	NRD1	I47I
YNL251C	NRD1	S48S
YNL251C	NRD1	L49L
YNL251C	NRD1	I50I
YNL251C	NRD1	I51I
YNL251C	NRD1	D52D
YNL251C	NRD1	Y53Y
YNL251C	NRD1	S54S
YNL251C	NRD1	R55R
YNL251C	NRD1	L56L
YNL251C	NRD1	C57C
YNL251C	NRD1	P58P
YNL251C	NRD1	D59D
YNL251C	NRD1	S60S
YNL251C	NRD1	H61H
YNL251C	NRD1	K62K
YNL251C	NRD1	L63L
YNL251C	NRD1	G64G
YNL251C	NRD1	S65S
YNL251C	NRD1	L66L
YNL251C	NRD1	Y67Y
YNL251C	NRD1	I68I
YNL251C	NRD1	I69I
YNL251C	NRD1	D70D
YNL251C	NRD1	S71S
YNL251C	NRD1	I72I
YNL251C	NRD1	G73G
YNL251C	NRD1	R74R
YNL251C	NRD1	A75A
YNL251C	NRD1	Y76Y
YNL251C	NRD1	L77L
YNL251C	NRD1	D78D
YNL251C	NRD1	E79E
YNL251C	NRD1	T80T
YNL251C	NRD1	R81R
YNL251C	NRD1	S82S
YNL251C	NRD1	N83N
YNL251C	NRD1	S84S
YNL251C	NRD1	N85N
YNL251C	NRD1	S86S
YNL251C	NRD1	S87S
YNL251C	NRD1	S88S
YNL251C	NRD1	N89N
YNL251C	NRD1	K90K
YNL251C	NRD1	P91P
YNL251C	NRD1	G92G
YNL251C	NRD1	T93T
YNL251C	NRD1	C94C
YNL251C	NRD1	A95A
YNL251C	NRD1	H96H
YNL251C	NRD1	A97A
YNL251C	NRD1	I98I
YNL251C	NRD1	N99N
YNL251C	NRD1	T100T
YNL251C	NRD1	L101L
YNL251C	NRD1	G102G
YNL251C	NRD1	E103E
YNL251C	NRD1	V104V
YNL251C	NRD1	I105I
YNL251C	NRD1	Q106Q
YNL251C	NRD1	E107E
YNL251C	NRD1	L108L
YNL251C	NRD1	L109L
YNL251C	NRD1	S110S
YNL251C	NRD1	D111D
YNL251C	NRD1	A112A
YNL251C	NRD1	I113I
YNL251C	NRD1	A114A
YNL251C	NRD1	K115K
YNL251C	NRD1	S116S
YNL251C	NRD1	N117N
YNL251C	NRD1	Q118Q
YNL251C	NRD1	D119D
YNL251C	NRD1	H120H
YNL251C	NRD1	K121K
YNL251C	NRD1	E122E
YNL251C	NRD1	K123K
YNL251C	NRD1	I124I
YNL251C	NRD1	R125R
YNL251C	NRD1	M126M
YNL251C	NRD1	L127L
YNL251C	NRD1	L128L
YNL251C	NRD1	D129D
YNL251C	NRD1	I130I
YNL251C	NRD1	W131W
YNL251C	NRD1	D132D
YNL251C	NRD1	R133R
YNL251C	NRD1	S134S
YNL251C	NRD1	G135G
YNL251C	NRD1	L136L
YNL251C	NRD1	F137F
YNL251C	NRD1	Q138Q
YNL251C	NRD1	K139K
YNL251C	NRD1	S140S
YNL251C	NRD1	Y141Y
YNL251C	NRD1	L142L
YNL251C	NRD1	N143N
YNL251C	NRD1	A144A
YNL251C	NRD1	I145I
YNL251C	NRD1	R146R
YNL251C	NRD1	S147S
YNL251C	NRD1	K148K
YNL251C	NRD1	C149C
YNL251C	NRD1	F150F
YNL251C	NRD1	A151A
YNL251C	NRD1	M152M
YNL251C	NRD1	D153D
YNL251C	NRD1	I154I
YNL251C	NRD1	S155S
YNL251C	NRD1	N156N
YNL251C	NRD1	N157N
YNL251C	NRD1	T158T
YNL251C	NRD1	A159A
YNL251C	NRD1	N160N
YNL251C	NRD1	T161T
YNL251C	NRD1	A162A
YNL251C	NRD1	S163S
YNL251C	NRD1	Q164Q
YNL251C	NRD1	Q165Q
YNL251C	NRD1	L166L
YNL251C	NRD1	S167S
YNL251C	NRD1	L168L
YNL251C	NRD1	D169D
YNL251C	NRD1	P170P
YNL251C	NRD1	K171K
YNL251C	NRD1	Q172Q
YNL251C	NRD1	R173R
YNL251C	NRD1	S174S
YNL251C	NRD1	K175K
YNL251C	NRD1	Q176Q
YNL251C	NRD1	I177I
YNL251C	NRD1	L178L
YNL251C	NRD1	S179S
YNL251C	NRD1	N180N
YNL251C	NRD1	L181L
YNL251C	NRD1	K182K
YNL251C	NRD1	K183K
YNL251C	NRD1	S184S
YNL251C	NRD1	P185P
YNL251C	NRD1	P186P
YNL251C	NRD1	L187L
YNL251C	NRD1	N188N
YNL251C	NRD1	L189L
YNL251C	NRD1	N190N
YNL251C	NRD1	I191I
YNL251C	NRD1	S192S
YNL251C	NRD1	L193L
YNL251C	NRD1	P194P
YNL251C	NRD1	T195T
YNL251C	NRD1	D196D
YNL251C	NRD1	L197L
YNL251C	NRD1	T198T
YNL251C	NRD1	S199S
YNL251C	NRD1	T200T
YNL251C	NRD1	D201D
YNL251C	NRD1	P202P
YNL251C	NRD1	A203A
YNL251C	NRD1	K204K
YNL251C	NRD1	Q205Q
YNL251C	NRD1	Q206Q
YNL251C	NRD1	A207A
YNL251C	NRD1	A208A
YNL251C	NRD1	L209L
YNL251C	NRD1	F210F
YNL251C	NRD1	Q211Q
YNL251C	NRD1	V212V
YNL251C	NRD1	I213I
YNL251C	NRD1	A214A
YNL251C	NRD1	A215A
YNL251C	NRD1	L216L
YNL251C	NRD1	Q217Q
YNL251C	NRD1	K218K
YNL251C	NRD1	H219H
YNL251C	NRD1	F220F
YNL251C	NRD1	K221K
YNL251C	NRD1	T222T
YNL251C	NRD1	L223L
YNL251C	NRD1	P224P
YNL251C	NRD1	S225S
YNL251C	NRD1	H226H
YNL251C	NRD1	T227T
YNL251C	NRD1	S228S
YNL251C	NRD1	V229V
YNL251C	NRD1	G230G
YNL251C	NRD1	T231T
YNL251C	NRD1	V232V
YNL251C	NRD1	A233A
YNL251C	NRD1	P234P
YNL251C	NRD1	P235P
YNL251C	NRD1	Q236Q
YNL251C	NRD1	A237A
YNL251C	NRD1	H238H
YNL251C	NRD1	T239T
YNL251C	NRD1	I240I
YNL251C	NRD1	T241T
YNL251C	NRD1	E242E
YNL251C	NRD1	Y243Y
YNL251C	NRD1	G244G
YNL251C	NRD1	S245S
YNL251C	NRD1	R246R
YNL251C	NRD1	R247R
YNL251C	NRD1	E248E
YNL251C	NRD1	R249R
YNL251C	NRD1	E250E
YNL251C	NRD1	R251R
YNL251C	NRD1	E252E
YNL251C	NRD1	R253R
YNL251C	NRD1	E254E
YNL251C	NRD1	R255R
YNL251C	NRD1	Y256Y
YNL251C	NRD1	N257N
YNL251C	NRD1	S258S
YNL251C	NRD1	R259R
YNL251C	NRD1	R260R
YNL251C	NRD1	N261N
YNL251C	NRD1	R262R
YNL251C	NRD1	S263S
YNL251C	NRD1	R264R
YNL251C	NRD1	S265S
YNL251C	NRD1	P266P
YNL251C	NRD1	P267P
YNL251C	NRD1	A268A
YNL251C	NRD1	P269P
YNL251C	NRD1	F270F
YNL251C	NRD1	S271S
YNL251C	NRD1	Q272Q
YNL251C	NRD1	P273P
YNL251C	NRD1	S274S
YNL251C	NRD1	T275T
YNL251C	NRD1	G276G
YNL251C	NRD1	R277R
YNL251C	NRD1	K278K
YNL251C	NRD1	D279D
YNL251C	NRD1	R280R
YNL251C	NRD1	Y281Y
YNL251C	NRD1	P282P
YNL251C	NRD1	S283S
YNL251C	NRD1	V284V
YNL251C	NRD1	A285A
YNL251C	NRD1	Q286Q
YNL251C	NRD1	D287D
YNL251C	NRD1	Q288Q
YNL251C	NRD1	Y289Y
YNL251C	NRD1	S290S
YNL251C	NRD1	I291I
YNL251C	NRD1	G292G
YNL251C	NRD1	A293A
YNL251C	NRD1	P294P
YNL251C	NRD1	N295N
YNL251C	NRD1	T296T
YNL251C	NRD1	T297T
YNL251C	NRD1	F298F
YNL251C	NRD1	G299G
YNL251C	NRD1	T300T
YNL251C	NRD1	N301N
YNL251C	NRD1	N302N
YNL251C	NRD1	H303H
YNL251C	NRD1	H304H
YNL251C	NRD1	L305L
YNL251C	NRD1	Y306Y
YNL251C	NRD1	P307P
YNL251C	NRD1	D308D
YNL251C	NRD1	E309E
YNL251C	NRD1	L310L
YNL251C	NRD1	N311N
YNL251C	NRD1	V312V
YNL251C	NRD1	S313S
YNL251C	NRD1	N314N
YNL251C	NRD1	N315N
YNL251C	NRD1	P316P
YNL251C	NRD1	H317H
YNL251C	NRD1	Y318Y
YNL251C	NRD1	R319R
YNL251C	NRD1	P320P
YNL251C	NRD1	K321K
YNL251C	NRD1	P322P
YNL251C	NRD1	V323V
YNL251C	NRD1	S324S
YNL251C	NRD1	Y325Y
YNL251C	NRD1	D326D
YNL251C	NRD1	S327S
YNL251C	NRD1	T328T
YNL251C	NRD1	L329L
YNL251C	NRD1	P330P
YNL251C	NRD1	P331P
YNL251C	NRD1	D332D
YNL251C	NRD1	H333H
YNL251C	NRD1	I334I
YNL251C	NRD1	K335K
YNL251C	NRD1	V336V
YNL251C	NRD1	Y337Y
YNL251C	NRD1	S338S
YNL251C	NRD1	R339R
YNL251C	NRD1	T340T
YNL251C	NRD1	L341L
YNL251C	NRD1	F342F
YNL251C	NRD1	I343I
YNL251C	NRD1	G344G
YNL251C	NRD1	G345G
YNL251C	NRD1	V346V
YNL251C	NRD1	P347P
YNL251C	NRD1	L348L
YNL251C	NRD1	N349N
YNL251C	NRD1	M350M
YNL251C	NRD1	K351K
YNL251C	NRD1	E352E
YNL251C	NRD1	W353W
YNL251C	NRD1	D354D
YNL251C	NRD1	L355L
YNL251C	NRD1	A356A
YNL251C	NRD1	N357N
YNL251C	NRD1	V358V
YNL251C	NRD1	L359L
YNL251C	NRD1	K360K
YNL251C	NRD1	P361P
YNL251C	NRD1	F362F
YNL251C	NRD1	A363A
YNL251C	NRD1	E364E
YNL251C	NRD1	V365V
YNL251C	NRD1	Q366Q
YNL251C	NRD1	S367S
YNL251C	NRD1	V368V
YNL251C	NRD1	I369I
YNL251C	NRD1	L370L
YNL251C	NRD1	N371N
YNL251C	NRD1	N372N
YNL251C	NRD1	S373S
YNL251C	NRD1	R374R
YNL251C	NRD1	K375K
YNL251C	NRD1	H376H
YNL251C	NRD1	A377A
YNL251C	NRD1	F378F
YNL251C	NRD1	V379V
YNL251C	NRD1	K380K
YNL251C	NRD1	V381V
YNL251C	NRD1	Y382Y
YNL251C	NRD1	S383S
YNL251C	NRD1	R384R
YNL251C	NRD1	H385H
YNL251C	NRD1	E386E
YNL251C	NRD1	A387A
YNL251C	NRD1	E388E
YNL251C	NRD1	N389N
YNL251C	NRD1	V390V
YNL251C	NRD1	L391L
YNL251C	NRD1	Q392Q
YNL251C	NRD1	N393N
YNL251C	NRD1	F394F
YNL251C	NRD1	N395N
YNL251C	NRD1	K396K
YNL251C	NRD1	D397D
YNL251C	NRD1	G398G
YNL251C	NRD1	A399A
YNL251C	NRD1	L400L
YNL251C	NRD1	P401P
YNL251C	NRD1	L402L
YNL251C	NRD1	R403R
YNL251C	NRD1	T404T
YNL251C	NRD1	R405R
YNL251C	NRD1	W406W
YNL251C	NRD1	G407G
YNL251C	NRD1	V408V
YNL251C	NRD1	G409G
YNL251C	NRD1	F410F
YNL251C	NRD1	G411G
YNL251C	NRD1	P412P
YNL251C	NRD1	R413R
YNL251C	NRD1	D414D
YNL251C	NRD1	C415C
YNL251C	NRD1	C416C
YNL251C	NRD1	D417D
YNL251C	NRD1	Y418Y
YNL251C	NRD1	Q419Q
YNL251C	NRD1	H420H
YNL251C	NRD1	G421G
YNL251C	NRD1	Y422Y
YNL251C	NRD1	S423S
YNL251C	NRD1	I424I
YNL251C	NRD1	I425I
YNL251C	NRD1	P426P
YNL251C	NRD1	M427M
YNL251C	NRD1	H428H
YNL251C	NRD1	R429R
YNL251C	NRD1	L430L
YNL251C	NRD1	T431T
YNL251C	NRD1	D432D
YNL251C	NRD1	A433A
YNL251C	NRD1	D434D
YNL251C	NRD1	K435K
YNL251C	NRD1	K436K
YNL251C	NRD1	W437W
YNL251C	NRD1	S438S
YNL251C	NRD1	V439V
YNL251C	NRD1	S440S
YNL251C	NRD1	A441A
YNL251C	NRD1	Q442Q
YNL251C	NRD1	W443W
YNL251C	NRD1	G444G
YNL251C	NRD1	G445G
YNL251C	NRD1	T446T
YNL251C	NRD1	S447S
YNL251C	NRD1	G448G
YNL251C	NRD1	Q449Q
YNL251C	NRD1	P450P
YNL251C	NRD1	L451L
YNL251C	NRD1	V452V
YNL251C	NRD1	T453T
YNL251C	NRD1	G454G
YNL251C	NRD1	I455I
YNL251C	NRD1	V456V
YNL251C	NRD1	F457F
YNL251C	NRD1	E458E
YNL251C	NRD1	E459E
YNL251C	NRD1	P460P
YNL251C	NRD1	D461D
YNL251C	NRD1	I462I
YNL251C	NRD1	I463I
YNL251C	NRD1	V464V
YNL251C	NRD1	G465G
YNL251C	NRD1	E466E
YNL251C	NRD1	G467G
YNL251C	NRD1	V468V
YNL251C	NRD1	S469S
YNL251C	NRD1	S470S
YNL251C	NRD1	K471K
YNL251C	NRD1	A472A
YNL251C	NRD1	I473I
YNL251C	NRD1	S474S
YNL251C	NRD1	Q475Q
YNL251C	NRD1	K476K
YNL251C	NRD1	M477M
YNL251C	NRD1	P478P
YNL251C	NRD1	T479T
YNL251C	NRD1	D480D
YNL251C	NRD1	S481S
YNL251C	NRD1	G482G
YNL251C	NRD1	R483R
YNL251C	NRD1	N484N
YNL251C	NRD1	G485G
YNL251C	NRD1	P486P
YNL251C	NRD1	R487R
YNL251C	NRD1	S488S
YNL251C	NRD1	G489G
YNL251C	NRD1	K490K
YNL251C	NRD1	P491P
YNL251C	NRD1	N492N
YNL251C	NRD1	K493K
YNL251C	NRD1	S494S
YNL251C	NRD1	G495G
YNL251C	NRD1	S496S
YNL251C	NRD1	I497I
YNL251C	NRD1	S498S
YNL251C	NRD1	S499S
YNL251C	NRD1	I500I
YNL251C	NRD1	S501S
YNL251C	NRD1	P502P
YNL251C	NRD1	V503V
YNL251C	NRD1	P504P
YNL251C	NRD1	Y505Y
YNL251C	NRD1	G506G
YNL251C	NRD1	N507N
YNL251C	NRD1	A508A
YNL251C	NRD1	P509P
YNL251C	NRD1	L510L
YNL251C	NRD1	A511A
YNL251C	NRD1	S512S
YNL251C	NRD1	P513P
YNL251C	NRD1	P514P
YNL251C	NRD1	P515P
YNL251C	NRD1	Q516Q
YNL251C	NRD1	Q517Q
YNL251C	NRD1	Y518Y
YNL251C	NRD1	V519V
YNL251C	NRD1	Q520Q
YNL251C	NRD1	P521P
YNL251C	NRD1	M522M
YNL251C	NRD1	M523M
YNL251C	NRD1	Q524Q
YNL251C	NRD1	Q525Q
YNL251C	NRD1	P526P
YNL251C	NRD1	Y527Y
YNL251C	NRD1	G528G
YNL251C	NRD1	Y529Y
YNL251C	NRD1	A530A
YNL251C	NRD1	P531P
YNL251C	NRD1	N532N
YNL251C	NRD1	Q533Q
YNL251C	NRD1	P534P
YNL251C	NRD1	L535L
YNL251C	NRD1	P536P
YNL251C	NRD1	S537S
YNL251C	NRD1	Q538Q
YNL251C	NRD1	G539G
YNL251C	NRD1	P540P
YNL251C	NRD1	A541A
YNL251C	NRD1	A542A
YNL251C	NRD1	A543A
YNL251C	NRD1	A544A
YNL251C	NRD1	P545P
YNL251C	NRD1	P546P
YNL251C	NRD1	V547V
YNL251C	NRD1	P548P
YNL251C	NRD1	Q549Q
YNL251C	NRD1	Q550Q
YNL251C	NRD1	Q551Q
YNL251C	NRD1	F552F
YNL251C	NRD1	D553D
YNL251C	NRD1	P554P
YNL251C	NRD1	T555T
YNL251C	NRD1	A556A
YNL251C	NRD1	Q557Q
YNL251C	NRD1	L558L
YNL251C	NRD1	N559N
YNL251C	NRD1	S560S
YNL251C	NRD1	L561L
YNL251C	NRD1	M562M
YNL251C	NRD1	N563N
YNL251C	NRD1	M564M
YNL251C	NRD1	L565L
YNL251C	NRD1	N566N
YNL251C	NRD1	Q567Q
YNL251C	NRD1	Q568Q
YNL251C	NRD1	Q569Q
YNL251C	NRD1	Q570Q
YNL251C	NRD1	Q571Q
YNL251C	NRD1	Q572Q
YNL251C	NRD1	Q573Q
YNL251C	NRD1	Q574Q
YNL251C	NRD1	S575S